{"cameraMode":{"drawMode":0,"name":"Shaded","section":"Shading Mode"},"sceneLighting":false,"audioPlay":false,"sceneViewState":{"m_AlwaysRefresh":false,"showFog":true,"showSkybox":false,"showFlares":true,"showImageEffects":true,"showParticleSystems":true,"showVisualEffectGraphs":true,"m_FxEnabled":true},"in2DMode":false,"pivot":{"x":0.06867700070142746,"y":0.04549868404865265,"z":-0.008780986070632935},"rotation":{"x":0.029699260368943216,"y":0.9655471444129944,"z":-0.22495543956756593,"w":0.12750844657421113},"size":0.19555258750915528,"orthographic":false}