{"cameraMode":{"drawMode":0,"name":"Shaded","section":"Shading Mode"},"sceneLighting":true,"audioPlay":false,"sceneViewState":{"m_AlwaysRefresh":false,"showFog":true,"showSkybox":true,"showFlares":true,"showImageEffects":true,"showParticleSystems":true,"showVisualEffectGraphs":true,"m_FxEnabled":true},"in2DMode":false,"pivot":{"x":10.303037643432618,"y":-0.08214521408081055,"z":6.5439982414245609},"rotation":{"x":-0.07703912258148194,"y":-0.6651989817619324,"z":0.06930331140756607,"w":-0.7394498586654663},"size":7.94109582901001,"orthographic":false}