{"cameraMode":{"drawMode":0,"name":"Shaded","section":"Shading Mode"},"sceneLighting":false,"audioPlay":false,"sceneViewState":{"m_AlwaysRefresh":false,"showFog":true,"showSkybox":false,"showFlares":true,"showImageEffects":true,"showParticleSystems":true,"showVisualEffectGraphs":true,"m_FxEnabled":true},"in2DMode":false,"pivot":{"x":0.07894706726074219,"y":-0.6019501686096191,"z":-0.1968393325805664},"rotation":{"x":-0.07018451392650604,"y":-0.9207318425178528,"z":0.19566687941551209,"w":-0.3302493393421173},"size":8.500686645507813,"orthographic":false}