{"cameraMode":{"drawMode":0,"name":"Shaded","section":"Shading Mode"},"sceneLighting":false,"audioPlay":false,"sceneViewState":{"m_AlwaysRefresh":false,"showFog":true,"showSkybox":false,"showFlares":true,"showImageEffects":true,"showParticleSystems":true,"showVisualEffectGraphs":true,"m_FxEnabled":true},"in2DMode":false,"pivot":{"x":1.690000057220459,"y":-6.130000114440918,"z":-10.430000305175782},"rotation":{"x":0.036778438836336139,"y":0.9522364139556885,"z":-0.12730254232883454,"w":0.2751581370830536},"size":0.8816494345664978,"orthographic":false}